prompt_id,request_start,ttft,request_end,successful,is_miss,ttft_time
0,0.0,0.10504269599914551,1.9163687229156494,True,False,0.10504269599914551
1,0.0020246505737304688,0.13961052894592285,1.9373371601104736,True,False,0.14163517951965332
2,1.9163687229156494,0.14923596382141113,3.9021525382995605,True,False,2.0656046867370605
3,1.9383509159088135,0.19380807876586914,3.922130823135376,True,False,2.1321589946746826
