prompt_id,request_start,ttft,request_end,successful,is_miss,ttft_time
0,0.0,0.18851161003112793,1.9798133373260498,True,False,0.18851161003112793
1,0.0015914440155029297,0.13256120681762695,1.9610357284545898,True,False,0.13415265083312988
2,1.9615504741668701,0.13137173652648926,3.9279932975769043,True,False,2.0929222106933594
3,1.9803211688995361,0.1968247890472412,3.9456398487091064,True,False,2.1771459579467773
