quality,ttft,tpot,generation_time,prefill_token_cnt,generation_token_cnt
1,0.5037412643432617,0.014890782535076141,0.4765050411224365,100,32
1,0.10025572776794434,0.016031257808208466,0.5130002498626709,115,32
