quality,ttft,tpot,generation_time,prefill_token_cnt,generation_token_cnt
1,0.4699211120605469,0.01600862294435501,0.5122759342193604,100,32
1,0.09434151649475098,0.016047954559326172,0.5135345458984375,115,32
