quality,ttft,tpot,generation_time,prefill_token_cnt,generation_token_cnt
1,0.5537371635437012,0.016191914677619934,0.5181412696838379,100,32
1,0.11297297477722168,0.016025647521018982,0.5128207206726074,115,32
