prompt_id,request_start,ttft,request_end,successful,ttft_time,is_miss
0,0.0010085105895996094,0.7719500064849854,3.019568681716919,True,0.772958517074585,True
1,0.0038912296295166016,1.146489143371582,3.020594358444214,True,1.1503803730010986,True
