prompt_id,request_start,ttft,request_end,successful,ttft_time,is_miss
0,0.0,0.7268819808959961,2.97678279876709,True,0.7268819808959961,True
1,0.0025217533111572266,1.1069982051849365,2.97678279876709,True,1.1095199584960938,True
